date,开盘,close,最高,最低,成交量,成交额,振幅,涨跌幅,涨跌额,turnover
2022-12-29,999.26,992.72,999.95,992.34,31067,448831984.0,0.0,0.0,0.0,0.99
2022-12-30,993.31,995.64,996.74,990.87,42458,710128352.0,0.59,0.29,2.92,1.36
2023-01-03,995.3,990.12,995.47,984.28,38370,634973952.0,1.12,-0.55,-5.52,1.23
2023-01-04,989.05,992.88,994.31,986.82,38381,635042576.0,0.76,0.28,2.76,1.23
2023-01-05,993.63,998.83,999.73,989.72,43949,767775424.0,1.01,0.6,5.95,1.41
2023-01-06,998.35,1000.28,1002.72,996.26,40135,661902320.0,0.65,0.15,1.45,1.28
2023-01-09,1000.34,1008.11,1010.82,998.86,56222,875428096.0,1.2,0.78,7.83,1.8
2023-01-10,1007.85,1005.04,1009.21,999.16,32524,527018672.0,1.0,-0.3,-3.07,1.04
2023-01-11,1005.59,1008.37,1010.27,1001.46,40930,691030496.0,0.88,0.33,3.33,1.31
2023-01-12,1008.64,1008.69,1014.08,1006.47,34602,584983680.0,0.75,0.03,0.32,1.11
2023-01-13,1008.83,1015.9,1021.36,1008.83,63451,1260109072.0,1.24,0.71,7.21,2.03
2023-01-16,1017.32,1027.88,1031.16,1016.4,90900,1530803680.0,1.45,1.18,11.98,2.91
2023-01-17,1028.6,1032.13,1032.33,1024.63,54229,880027120.0,0.75,0.41,4.25,1.73
2023-01-18,1030.98,1026.31,1031.69,1025.68,56035,789347248.0,0.58,-0.56,-5.82,1.79
2023-01-19,1026.07,1028.75,1029.97,1022.47,50528,731708624.0,0.73,0.24,2.44,1.62
2023-01-20,1029.14,1035.71,1036.05,1029.14,30544,552645264.0,0.67,0.68,6.96,0.98
2023-01-30,1037.85,1026.92,1038.39,1026.26,69459,952984592.0,1.17,-0.85,-8.79,2.22
2023-01-31,1027.94,1028.53,1039.53,1026.7,65775,959901840.0,1.25,0.16,1.61,2.1
2023-02-01,1031.5,1035.76,1036.46,1027.83,61152,897072176.0,0.84,0.7,7.23,1.95
2023-02-02,1037.01,1037.79,1042.87,1031.38,57338,853612048.0,1.11,0.2,2.03,1.83
2023-02-03,1038.67,1032.56,1039.4,1030.12,36902,625748240.0,0.89,-0.5,-5.23,1.18
2023-02-06,1030.9,1027.31,1031.71,1024.91,58413,939138064.0,0.66,-0.51,-5.25,1.87
2023-02-07,1028.02,1029.21,1031.17,1027.13,37300,640296048.0,0.39,0.18,1.9,1.19
2023-02-08,1029.52,1024.25,1029.85,1023.23,22915,397348752.0,0.64,-0.48,-4.96,0.73
2023-02-09,1024.85,1027.5,1028.0,1023.87,32058,516218896.0,0.4,0.32,3.25,1.02
2023-02-10,1027.66,1028.78,1032.96,1026.41,55105,773722656.0,0.64,0.12,1.28,1.76
2023-02-13,1029.57,1029.91,1031.73,1025.08,42213,662643792.0,0.65,0.11,1.13,1.35
2023-02-14,1031.27,1027.57,1033.16,1026.55,43636,636696608.0,0.64,-0.23,-2.34,1.4
2023-02-15,1027.13,1021.62,1027.97,1020.2,30370,459429648.0,0.76,-0.58,-5.95,0.97
2023-02-16,1021.62,1013.9,1025.97,1011.86,38789,592018032.0,1.38,-0.76,-7.72,1.24
2023-02-17,1013.4,1007.79,1015.92,1005.07,48525,699774144.0,1.07,-0.6,-6.11,1.55
2023-02-20,1009.3,1012.6,1013.57,1003.9,56975,824933712.0,0.96,0.48,4.81,1.82
2023-02-21,1014.12,1020.44,1023.73,1014.12,72468,973077808.0,0.95,0.77,7.84,2.32
2023-02-22,1019.82,1023.03,1027.01,1019.82,46161,672080480.0,0.7,0.25,2.59,1.48
2023-02-23,1023.94,1021.04,1026.49,1016.19,47491,714340096.0,1.01,-0.19,-1.99,1.52
2023-02-24,1021.62,1015.86,1021.8,1012.42,33660,478882928.0,0.92,-0.51,-5.18,1.08
2023-02-27,1016.8,1009.45,1019.58,1009.17,40988,624741888.0,1.02,-0.63,-6.41,1.31
2023-02-28,1009.89,1009.08,1011.76,1005.92,31910,502975344.0,0.58,-0.04,-0.37,1.02
2023-03-01,1010.4,1013.17,1014.7,1008.05,27711,397556192.0,0.66,0.41,4.09,0.89
2023-03-02,1013.27,1010.71,1014.79,1008.89,25775,377563120.0,0.58,-0.24,-2.46,0.82
2023-03-03,1011.2,1011.94,1012.22,1007.06,22356,405386384.0,0.51,0.12,1.23,0.71
2023-03-06,1011.5,1015.72,1017.37,1007.94,32120,771638672.0,0.93,0.37,3.78,1.03
2023-03-07,1015.15,1008.9,1015.96,1007.91,30337,506947120.0,0.79,-0.67,-6.82,0.97
2023-03-08,1007.69,1002.05,1010.17,1000.31,34858,534081744.0,0.98,-0.68,-6.85,1.11
2023-03-09,1001.82,997.94,1004.53,997.29,41652,547302256.0,0.72,-0.41,-4.11,1.33
2023-03-10,998.02,991.35,998.35,990.39,35350,494373584.0,0.8,-0.66,-6.59,1.13
2023-03-13,990.97,999.63,1000.0,988.97,37620,546482784.0,1.11,0.84,8.28,1.2
2023-03-14,998.9,1016.0,1017.96,998.9,125880,1982432096.0,1.91,1.64,16.37,4.02
2023-03-15,1016.36,1017.13,1023.78,1014.96,48734,797498816.0,0.87,0.11,1.13,1.56
2023-03-16,1016.29,1005.01,1016.52,1001.87,66718,871673424.0,1.44,-1.19,-12.12,2.13
2023-03-17,1006.0,1005.29,1007.68,1001.28,32682,457673936.0,0.64,0.03,0.28,1.04
2023-03-20,1003.21,999.85,1005.76,999.34,27789,391175248.0,0.64,-0.54,-5.44,0.89
2023-03-21,999.62,1004.89,1005.15,999.62,33508,463871232.0,0.55,0.5,5.04,1.07
2023-03-22,1005.42,1010.62,1010.87,1005.33,33760,479552608.0,0.55,0.57,5.73,1.08
2023-03-23,1009.24,1012.5,1012.84,1008.89,35788,483584480.0,0.39,0.19,1.88,1.14
2023-03-24,1012.01,1013.18,1015.56,1011.34,31213,450670352.0,0.42,0.07,0.68,1.0
2023-03-27,1011.88,1019.61,1020.22,1011.86,74312,1178360736.0,0.83,0.63,6.43,2.38
2023-03-28,1019.27,1022.31,1024.15,1018.8,55605,923703792.0,0.52,0.26,2.7,1.78
2023-03-29,1022.23,1019.29,1022.67,1017.52,37271,551042400.0,0.5,-0.3,-3.02,1.19
2023-03-30,1018.95,1021.92,1021.99,1018.21,30430,921653488.0,0.37,0.26,2.63,0.97
2023-03-31,1026.22,1029.36,1034.51,1026.22,101213,2269174720.0,0.81,0.73,7.44,3.24
2023-04-03,1029.05,1041.9,1043.5,1028.79,118767,2333826608.0,1.43,1.22,12.54,3.8
2023-04-04,1041.05,1051.4,1053.25,1041.05,177935,3210308384.0,1.17,0.91,9.5,5.69
2023-04-06,1049.37,1049.58,1061.88,1046.05,80682,1754603216.0,1.51,-0.17,-1.82,2.58
2023-04-07,1051.26,1047.21,1051.85,1046.08,51862,1094241856.0,0.55,-0.23,-2.37,1.66
2023-04-10,1047.48,1042.16,1049.51,1039.85,61302,1098786848.0,0.92,-0.48,-5.05,1.96
2023-04-11,1043.4,1041.35,1046.43,1038.47,164797,2354796336.0,0.76,-0.08,-0.81,5.27
2023-04-12,1039.52,1037.78,1040.55,1036.25,106858,1489317952.0,0.41,-0.34,-3.57,3.42
2023-04-13,1036.46,1035.18,1037.99,1032.21,53791,879631584.0,0.56,-0.25,-2.6,1.72
2023-04-14,1034.94,1033.2,1035.25,1031.9,37686,616724096.0,0.32,-0.19,-1.98,1.2
2023-04-17,1033.93,1037.52,1037.75,1031.82,38932,700403760.0,0.57,0.42,4.32,1.24
2023-04-18,1037.85,1039.85,1040.23,1032.31,37588,673895408.0,0.76,0.22,2.33,1.2
2023-04-19,1039.13,1036.34,1040.43,1035.38,50771,783574576.0,0.49,-0.34,-3.51,1.62
2023-04-20,1035.86,1031.85,1037.54,1028.44,56883,860722960.0,0.88,-0.43,-4.49,1.82
2023-04-21,1031.19,1024.4,1035.74,1022.34,48201,725409760.0,1.3,-0.72,-7.45,1.54
2023-04-24,1024.92,1017.33,1025.42,1015.12,44212,672501088.0,1.01,-0.69,-7.07,1.41
2023-04-25,1018.9,1019.35,1021.72,1012.01,48537,758690544.0,0.95,0.2,2.02,1.55
2023-04-26,1016.93,1020.04,1024.14,1015.67,59822,859311488.0,0.83,0.07,0.69,1.91
2023-04-27,1020.05,1021.33,1023.57,1018.59,53892,777833808.0,0.49,0.13,1.29,1.72
2023-04-28,1023.26,1022.12,1024.15,1019.28,42165,694110016.0,0.48,0.08,0.79,1.35
2023-05-04,1020.77,1016.93,1022.28,1016.08,27809,471464576.0,0.61,-0.51,-5.19,0.89
2023-05-05,1016.11,1006.7,1016.66,1002.36,89281,981691200.0,1.41,-1.01,-10.23,2.85
2023-05-08,1007.01,1007.09,1008.35,1003.98,69879,795587136.0,0.43,0.04,0.39,2.23
2023-05-09,1006.52,1011.94,1013.58,1003.0,44566,670436784.0,1.05,0.48,4.85,1.42
2023-05-10,1011.59,1009.42,1011.59,1006.49,37519,504151568.0,0.5,-0.25,-2.52,1.2
2023-05-11,1008.92,1011.08,1012.93,1008.0,62882,747761872.0,0.49,0.16,1.66,2.01
2023-05-12,1011.37,1002.47,1015.37,1000.32,162876,1455106160.0,1.49,-0.85,-8.61,5.21
2023-05-15,999.89,1001.68,1003.34,992.14,118677,1104303888.0,1.12,-0.08,-0.79,3.79
2023-05-16,1003.15,1005.51,1008.11,1002.45,425719,3337299808.0,0.57,0.38,3.83,13.61
2023-05-17,1003.07,1003.96,1006.79,1000.98,361751,2743223648.0,0.58,-0.15,-1.55,11.56
2023-05-18,1005.39,991.42,1008.15,990.7,632136,5351313664.0,1.74,-1.25,-12.54,20.21
2023-05-19,990.82,992.93,995.94,988.4,384590,3417857120.0,0.76,0.15,1.51,12.3
2023-05-22,993.83,997.71,998.82,992.49,208723,1901283104.0,0.64,0.48,4.78,6.67
2023-05-23,998.93,994.12,1001.29,993.71,164240,1472059072.0,0.76,-0.36,-3.59,5.25
2023-05-24,994.34,990.75,994.34,988.7,242413,1971285584.0,0.57,-0.34,-3.37,7.75
2023-05-25,991.26,986.21,991.26,980.75,296764,2341647296.0,1.06,-0.46,-4.54,9.49
2023-05-26,987.34,990.02,990.93,985.3,170850,1573245392.0,0.57,0.39,3.81,5.46
2023-05-29,991.05,983.68,991.12,981.43,117993,990595376.0,0.98,-0.64,-6.34,3.77
2023-05-30,983.71,980.1,984.45,975.42,99853,890080560.0,0.92,-0.36,-3.58,3.19
2023-05-31,979.57,979.25,980.66,977.24,255347,1888239424.0,0.35,-0.09,-0.85,8.16
2023-06-01,976.59,979.96,983.18,975.33,112955,994347456.0,0.8,0.07,0.71,3.61
2023-06-02,979.87,988.35,988.59,979.87,119308,1054711680.0,0.89,0.86,8.39,3.81
2023-06-05,988.98,982.25,989.11,981.3,83439,806991360.0,0.79,-0.62,-6.1,2.67
2023-06-06,981.68,980.32,985.11,979.59,251213,2003284960.0,0.56,-0.2,-1.93,8.03
2023-06-07,982.8,981.06,983.47,979.56,343199,3075224640.0,0.4,0.08,0.74,10.97
2023-06-08,980.92,991.2,993.28,980.11,213880,2546975312.0,1.34,1.03,10.14,6.84
2023-06-09,991.74,991.53,993.23,988.26,119136,1333456144.0,0.5,0.03,0.33,3.81
2023-06-12,991.73,994.32,997.3,990.32,95364,1321790224.0,0.7,0.28,2.79,3.05
2023-06-13,993.85,993.69,998.9,993.61,141533,1492037968.0,0.53,-0.06,-0.63,4.52
2023-06-14,993.98,994.1,996.49,992.16,105439,1180655728.0,0.44,0.04,0.41,3.37
2023-06-15,993.31,995.42,997.43,993.31,58736,733097008.0,0.41,0.13,1.32,1.88
2023-06-16,995.65,1001.74,1004.46,995.65,78237,1603566880.0,0.89,0.63,6.32,2.5
2023-06-19,1001.93,998.36,1007.91,997.36,62375,1113736800.0,1.05,-0.34,-3.38,1.99
2023-06-20,999.03,998.1,1000.5,996.16,36856,610779984.0,0.43,-0.03,-0.26,1.18
2023-06-21,997.98,991.98,999.82,990.97,49865,649691872.0,0.89,-0.61,-6.12,1.59
2023-06-26,991.41,990.21,993.41,987.47,87699,1036925280.0,0.6,-0.18,-1.77,2.8
2023-06-27,989.65,994.08,994.98,987.23,131090,1441444560.0,0.78,0.39,3.87,4.19
2023-06-28,991.69,989.25,994.63,988.31,41554,573411088.0,0.64,-0.49,-4.83,1.33
2023-06-29,989.37,993.9,998.97,987.8,201279,2507013760.0,1.13,0.47,4.65,6.43
2023-06-30,993.93,992.94,997.43,992.05,153466,1992380384.0,0.54,-0.1,-0.96,4.91
2023-07-03,993.15,994.97,996.13,991.62,61181,825545616.0,0.45,0.2,2.03,1.96
2023-07-04,995.57,995.47,998.27,993.68,188538,2043722144.0,0.46,0.05,0.5,6.03
2023-07-05,995.11,989.88,995.45,989.06,54611,751818256.0,0.64,-0.56,-5.59,1.75
2023-07-06,989.3,992.51,997.43,988.54,105891,2009166640.0,0.9,0.27,2.63,3.39
2023-07-07,991.69,995.78,997.77,990.08,97870,1525036352.0,0.77,0.33,3.27,3.13
2023-07-10,995.26,997.22,1002.17,994.59,57598,1039692944.0,0.76,0.14,1.44,1.84
2023-07-11,997.81,996.58,999.33,994.64,54881,949418576.0,0.47,-0.06,-0.64,1.75
2023-07-12,995.99,996.52,1000.02,993.83,49729,745214352.0,0.62,-0.01,-0.06,1.59
2023-07-13,996.43,999.12,999.65,996.43,47930,656629824.0,0.32,0.26,2.6,1.53
2023-07-14,999.39,999.09,1001.31,998.15,43438,581747536.0,0.32,0.0,-0.03,1.39
2023-07-17,997.71,1002.42,1005.51,996.34,143131,1727385856.0,0.92,0.33,3.33,4.58
2023-07-18,1001.71,1005.05,1005.45,1000.68,65913,868459776.0,0.48,0.26,2.63,2.11
2023-07-19,1005.31,1006.66,1007.64,1003.45,86690,1054982192.0,0.42,0.16,1.61,2.77
2023-07-20,1006.4,1005.34,1009.46,1004.85,126008,1358042272.0,0.46,-0.13,-1.32,4.03
2023-07-21,1005.02,1005.74,1010.53,1004.92,200490,2772463520.0,0.56,0.04,0.4,6.41
2023-07-24,1006.4,1001.08,1010.66,997.38,185232,2612816752.0,1.32,-0.46,-4.66,5.92
2023-07-25,1001.88,1000.8,1003.33,998.6,110853,1603942352.0,0.47,-0.03,-0.28,3.54
2023-07-26,1001.33,1002.46,1002.98,999.69,72602,993770432.0,0.33,0.17,1.66,2.32
2023-07-27,1001.5,1006.82,1008.88,1001.5,75374,1040614864.0,0.74,0.43,4.36,2.41
2023-07-28,1006.63,1012.46,1013.63,1003.25,80089,992824128.0,1.03,0.56,5.64,2.56
2023-07-31,1014.92,1018.07,1018.65,1013.23,142014,2099563216.0,0.54,0.55,5.61,4.54
2023-08-01,1018.1,1008.44,1019.38,1007.8,115034,1856379712.0,1.14,-0.95,-9.63,3.68
2023-08-02,1008.3,1006.36,1009.53,1005.5,110781,1902226080.0,0.4,-0.21,-2.08,3.54
2023-08-03,1005.8,1009.51,1011.04,1005.8,134337,2468153456.0,0.52,0.31,3.15,4.29
2023-08-04,1010.64,1009.57,1013.6,1009.47,83260,1345597072.0,0.41,0.01,0.06,2.66
2023-08-07,1010.63,1012.29,1014.6,1010.63,121700,3038262544.0,0.39,0.27,2.72,3.89
2023-08-08,1013.03,1008.37,1013.09,1005.94,183384,5018822912.0,0.71,-0.39,-3.92,5.86
2023-08-09,1008.14,1002.57,1009.2,1002.28,78465,1537296432.0,0.69,-0.58,-5.8,2.51
2023-08-10,1002.99,1004.42,1006.38,1001.9,56206,1278596256.0,0.45,0.18,1.85,1.8
2023-08-11,1004.15,998.93,1004.4,998.47,48350,827499984.0,0.59,-0.55,-5.49,1.55
2023-08-14,998.13,995.27,998.94,994.43,35009,592464720.0,0.45,-0.37,-3.66,1.12
2023-08-15,995.14,994.47,997.35,992.49,40667,633472048.0,0.49,-0.08,-0.8,1.3
2023-08-16,993.81,992.39,997.1,992.31,30385,481062880.0,0.48,-0.21,-2.08,0.97
2023-08-17,992.73,994.71,994.93,987.46,42663,597324608.0,0.75,0.23,2.32,1.36
2023-08-18,994.99,993.74,995.76,992.74,31682,468991696.0,0.3,-0.1,-0.97,1.01
2023-08-21,993.06,991.51,995.54,989.8,23256,431646496.0,0.58,-0.22,-2.23,0.74
2023-08-22,991.82,986.13,994.05,977.01,29559,493213488.0,1.72,-0.54,-5.38,0.94
2023-08-23,986.03,981.38,986.35,980.91,30986,468401520.0,0.55,-0.48,-4.75,0.99
2023-08-24,982.93,985.68,987.67,979.42,29984,509819344.0,0.84,0.44,4.3,0.96
2023-08-25,985.61,984.62,995.18,983.79,67555,1064040416.0,1.16,-0.11,-1.06,2.16
2023-08-28,998.26,984.83,1001.22,984.42,41597,657083456.0,1.71,0.02,0.21,1.33
2023-08-29,985.2,989.6,990.61,985.01,27841,444627232.0,0.57,0.48,4.77,0.89
2023-08-30,990.14,989.09,991.79,988.42,42659,734809520.0,0.34,-0.05,-0.51,1.36
2023-08-31,988.71,988.46,992.59,986.44,58517,857754960.0,0.62,-0.06,-0.63,1.87
2023-09-01,988.88,992.89,993.24,988.83,23336,364289360.0,0.45,0.45,4.43,0.75
2023-09-04,992.93,996.77,997.56,992.81,19816,304457552.0,0.48,0.39,3.88,0.63
2023-09-05,997.0,992.98,997.0,990.73,18302,275548048.0,0.63,-0.38,-3.79,0.59
2023-09-06,992.85,990.76,993.07,990.37,18155,293021984.0,0.27,-0.22,-2.22,0.58
2023-09-07,991.16,980.23,991.16,977.19,33252,549042592.0,1.41,-1.06,-10.53,1.06
2023-09-08,980.0,978.2,980.0,971.13,40587,609186624.0,0.9,-0.21,-2.03,1.3
2023-09-11,977.3,979.75,982.83,974.92,20975,345932496.0,0.81,0.16,1.55,0.67
2023-09-12,980.62,985.68,988.41,980.36,33649,589014864.0,0.82,0.61,5.93,1.08
2023-09-13,985.56,978.85,986.48,976.63,22310,347428464.0,1.0,-0.69,-6.83,0.71
2023-09-14,978.52,977.06,979.1,976.28,42845,743558848.0,0.29,-0.18,-1.79,1.37
2023-09-15,977.03,978.3,979.76,977.02,35815,614975824.0,0.28,0.13,1.24,1.14
2023-09-18,978.15,978.19,980.05,976.0,47752,858028144.0,0.41,-0.01,-0.11,1.53
2023-09-19,978.37,976.52,980.54,975.55,129502,2562485584.0,0.51,-0.17,-1.67,4.14
2023-09-20,976.82,981.91,982.72,975.85,141274,3081380304.0,0.7,0.55,5.39,4.52
2023-09-21,981.07,977.96,981.74,976.87,106252,2355570656.0,0.5,-0.4,-3.95,3.4
2023-09-22,979.45,979.77,981.31,976.79,43996,815651568.0,0.46,0.19,1.81,1.41
2023-09-25,979.56,976.81,981.43,976.81,29174,551021104.0,0.47,-0.3,-2.96,0.93
2023-09-26,977.8,979.77,980.79,977.75,89011,1630150448.0,0.31,0.3,2.96,2.85
2023-09-27,979.98,982.23,983.02,978.64,131609,2321999232.0,0.45,0.25,2.46,4.21
2023-09-28,982.51,981.27,983.9,980.22,54083,905655952.0,0.37,-0.1,-0.96,1.73
2023-10-09,980.52,970.44,980.52,967.63,41986,622587520.0,1.31,-1.1,-10.83,1.34
2023-10-10,970.69,970.85,976.31,970.15,42800,651411232.0,0.63,0.04,0.41,1.37
2023-10-11,971.3,964.66,972.83,963.71,51148,789942416.0,0.94,-0.64,-6.19,1.64
2023-10-12,966.52,964.11,966.52,960.42,135796,2235779200.0,0.63,-0.06,-0.55,4.34
2023-10-13,964.18,958.9,964.18,957.38,67422,1077074128.0,0.71,-0.54,-5.21,2.16
2023-10-16,958.91,952.62,959.37,951.19,103652,1878024608.0,0.85,-0.65,-6.28,3.31
2023-10-17,953.52,951.22,953.87,949.43,113900,2052239216.0,0.47,-0.15,-1.4,3.64
2023-10-18,950.53,944.21,952.09,942.47,70191,1133986016.0,1.01,-0.74,-7.01,2.24
2023-10-19,944.14,926.82,944.14,921.35,80101,1072898928.0,2.41,-1.84,-17.39,2.56
2023-10-20,927.13,914.73,927.13,912.19,79561,1111301856.0,1.61,-1.3,-12.09,2.54
2023-10-23,913.89,908.06,921.12,907.03,90860,1204402064.0,1.54,-0.73,-6.67,2.9
2023-10-24,909.12,926.18,926.62,907.86,92375,1321491472.0,2.07,2.0,18.12,2.95
2023-10-25,930.69,934.87,937.41,930.69,193573,2969347680.0,0.73,0.94,8.69,6.19
2023-10-26,934.31,942.21,942.57,933.11,200101,3401058512.0,1.01,0.79,7.34,6.4
2023-10-27,941.78,956.43,959.18,939.96,264637,4750001408.0,2.04,1.51,14.22,8.46
2023-10-30,954.02,961.49,963.07,950.44,152412,2642347984.0,1.32,0.53,5.06,4.87
2023-10-31,959.81,955.85,962.0,953.94,172121,2953294672.0,0.84,-0.59,-5.64,5.5
2023-11-01,954.31,953.01,957.18,949.46,150936,2512832160.0,0.81,-0.3,-2.84,4.83
2023-11-02,953.48,950.5,956.77,949.02,84208,1416492384.0,0.81,-0.26,-2.51,2.69
2023-11-03,950.25,952.8,954.72,949.64,168299,2660755664.0,0.53,0.24,2.3,5.38
2023-11-06,953.63,955.25,955.87,948.37,161354,2676947600.0,0.79,0.26,2.45,5.16
2023-11-07,954.94,957.73,958.39,951.94,113830,1862813328.0,0.68,0.26,2.48,3.64
2023-11-08,957.76,955.21,959.48,954.84,129766,2349327344.0,0.48,-0.26,-2.52,4.15
2023-11-09,956.06,955.51,958.11,954.76,83386,1534687440.0,0.35,0.03,0.3,2.67
2023-11-10,955.53,956.51,956.64,950.14,169101,2805965968.0,0.68,0.1,1.0,5.41
2023-11-13,957.33,951.89,957.33,949.23,111871,1943911024.0,0.85,-0.48,-4.62,3.58
2023-11-14,951.29,952.31,954.01,950.78,106490,1581602304.0,0.34,0.04,0.42,3.4
2023-11-15,955.02,953.48,955.62,950.92,162476,2515011984.0,0.49,0.12,1.17,5.19
2023-11-16,955.1,947.57,955.1,947.09,78938,1237516112.0,0.84,-0.62,-5.91,2.52
2023-11-17,948.98,945.82,950.25,942.62,43901,657314384.0,0.81,-0.18,-1.75,1.4
2023-11-20,946.68,953.93,955.05,944.33,135887,2013453136.0,1.13,0.86,8.11,4.34
2023-11-21,954.33,953.92,956.77,952.11,61680,847694752.0,0.49,0.0,-0.01,1.97
2023-11-22,953.4,952.42,957.27,951.97,83736,1332645760.0,0.56,-0.16,-1.5,2.68
2023-11-23,952.59,948.56,955.12,945.58,45499,667130864.0,1.0,-0.41,-3.86,1.45
2023-11-24,948.19,949.81,953.06,947.6,114759,1692471712.0,0.58,0.13,1.25,3.67
2023-11-27,951.25,948.8,952.85,944.99,72402,2022429520.0,0.83,-0.11,-1.01,2.31
2023-11-28,948.46,944.0,948.59,942.87,63899,1026807376.0,0.6,-0.51,-4.8,2.04
2023-11-29,945.15,941.01,946.95,939.47,75155,989956400.0,0.79,-0.32,-2.99,2.4
2023-11-30,943.63,941.68,946.05,936.77,155983,2001498048.0,0.99,0.07,0.67,4.99
2023-12-01,941.98,944.67,945.92,938.89,129467,1768675040.0,0.75,0.32,2.99,4.14
2023-12-04,943.69,948.85,952.19,942.79,125722,1699824704.0,1.0,0.44,4.18,4.02
2023-12-05,949.29,947.49,953.22,945.9,137494,1955120416.0,0.77,-0.14,-1.36,4.4
2023-12-06,947.02,958.45,960.42,945.73,179335,2439338800.0,1.55,1.16,10.96,5.73
2023-12-07,958.63,962.39,963.01,952.71,129165,2007450576.0,1.07,0.41,3.94,4.13
2023-12-08,963.06,958.13,964.48,956.65,58759,865425168.0,0.81,-0.44,-4.26,1.88
2023-12-11,957.7,963.19,963.74,954.74,56553,1104110784.0,0.94,0.53,5.06,1.81
2023-12-12,961.89,959.01,963.64,956.13,44714,719916560.0,0.78,-0.43,-4.18,1.43
2023-12-13,960.08,952.05,960.44,951.11,32768,625036272.0,0.97,-0.73,-6.96,1.05
2023-12-14,952.95,949.28,953.71,948.11,66627,970809152.0,0.59,-0.29,-2.77,2.13
2023-12-15,949.25,946.61,950.43,946.26,52560,733139920.0,0.44,-0.28,-2.67,1.68
2023-12-18,947.09,945.27,953.83,943.08,86054,1145435072.0,1.14,-0.14,-1.34,2.75
2023-12-19,945.8,938.67,945.8,936.85,48196,654601296.0,0.95,-0.7,-6.6,1.54
2023-12-20,938.85,935.41,939.78,934.72,26487,384201904.0,0.54,-0.35,-3.26,0.85
2023-12-21,935.24,938.57,939.8,929.05,28883,415100400.0,1.15,0.34,3.16,0.92
2023-12-22,939.12,940.01,943.63,936.84,30080,460399504.0,0.72,0.15,1.44,0.96
2023-12-25,940.92,940.58,941.72,935.09,41608,565405136.0,0.71,0.06,0.57,1.33
2023-12-26,940.15,937.9,941.73,937.29,107334,1461390976.0,0.47,-0.28,-2.68,3.43
2023-12-27,938.28,947.66,948.65,936.45,67039,947253200.0,1.3,1.04,9.76,2.14
2023-12-28,950.61,959.42,960.73,947.98,88647,1051028768.0,1.35,1.24,11.76,2.83
2023-12-29,959.12,965.66,968.5,959.12,65025,889215536.0,0.98,0.65,6.24,2.08
2024-01-02,966.28,970.72,972.95,964.78,47986,614184496.0,0.85,0.52,5.06,1.53
2024-01-03,969.72,963.95,973.13,963.45,36060,495320256.0,1.0,-0.7,-6.77,1.15
2024-01-04,962.89,959.32,964.27,958.28,27791,369476912.0,0.62,-0.48,-4.63,0.89
2024-01-05,958.91,952.74,959.25,950.39,35298,457601584.0,0.92,-0.69,-6.58,1.13
2024-01-08,952.56,941.54,953.15,936.2,41095,515289056.0,1.78,-1.18,-11.2,1.31
2024-01-09,939.75,939.4,941.25,937.23,41965,555635824.0,0.43,-0.23,-2.14,1.34
2024-01-10,938.51,934.77,940.33,928.86,47732,688695664.0,1.22,-0.49,-4.63,1.53
2024-01-11,934.98,941.81,943.55,934.95,100171,1346293600.0,0.92,0.75,7.04,3.2
2024-01-12,941.64,944.4,950.03,940.43,55297,810814928.0,1.02,0.28,2.59,1.77
2024-01-15,944.11,940.8,946.32,938.3,31650,444289424.0,0.85,-0.38,-3.6,1.01
2024-01-16,941.09,937.3,941.6,932.89,43237,596624560.0,0.93,-0.37,-3.5,1.38
2024-01-17,935.26,928.04,937.92,927.34,36023,462265408.0,1.13,-0.99,-9.26,1.15
2024-01-18,926.26,926.86,927.75,914.32,53333,703590352.0,1.45,-0.13,-1.18,1.71
2024-01-19,927.32,925.98,929.04,923.23,40205,548316928.0,0.63,-0.09,-0.88,1.29
2024-01-22,925.85,910.47,925.85,910.45,41047,560769632.0,1.66,-1.67,-15.51,1.31
2024-01-23,909.58,912.24,914.92,904.83,36264,484128976.0,1.11,0.19,1.77,1.16
2024-01-24,911.48,907.48,914.31,901.32,39650,502919760.0,1.42,-0.52,-4.76,1.27
2024-01-25,908.97,917.57,918.7,906.25,43839,590717488.0,1.37,1.11,10.09,1.4
2024-01-26,916.26,923.78,926.64,915.63,34128,516862080.0,1.2,0.68,6.21,1.09
2024-01-29,922.84,915.7,928.84,914.65,69739,874631952.0,1.54,-0.87,-8.08,2.23
2024-01-30,914.27,908.43,916.81,907.73,42049,595512976.0,0.99,-0.79,-7.27,1.34
2024-01-31,907.65,900.81,909.95,899.4,40943,589460752.0,1.16,-0.84,-7.62,1.31
2024-02-01,899.04,906.94,909.54,894.44,44258,716723440.0,1.68,0.68,6.13,1.41
2024-02-02,907.04,907.69,916.06,904.39,50872,866488672.0,1.29,0.08,0.75,1.63
2024-02-05,906.94,901.96,909.67,894.45,57197,840015504.0,1.68,-0.63,-5.73,1.83
2024-02-06,901.27,913.18,913.71,898.72,61066,952013424.0,1.66,1.24,11.22,1.95
2024-02-07,913.31,917.84,927.8,910.31,57596,891011360.0,1.92,0.51,4.66,1.84
2024-02-08,917.93,921.42,926.32,910.58,58340,894252976.0,1.71,0.39,3.58,1.87
2024-02-19,922.42,913.52,924.96,911.3,52873,808926992.0,1.48,-0.86,-7.9,1.69
2024-02-20,912.97,926.01,926.49,911.22,56617,770265296.0,1.67,1.37,12.49,1.81
2024-02-21,924.32,930.51,935.4,923.85,55033,717897584.0,1.25,0.49,4.5,1.76
2024-02-22,930.32,928.37,933.03,926.76,36769,485820544.0,0.67,-0.23,-2.14,1.18
2024-02-23,928.57,928.1,930.3,923.42,30091,432524752.0,0.74,-0.03,-0.27,0.96
2024-02-26,927.99,927.95,931.82,922.21,36765,548070912.0,1.04,-0.02,-0.15,1.18
2024-02-27,927.75,932.87,934.2,926.44,55272,725075744.0,0.84,0.53,4.92,1.77
2024-02-28,932.84,919.96,933.77,918.79,48416,623296688.0,1.61,-1.38,-12.91,1.55
2024-02-29,918.25,921.15,923.58,918.25,37167,514708368.0,0.58,0.13,1.19,1.19
2024-03-01,921.69,920.02,922.12,915.3,33304,502113984.0,0.74,-0.12,-1.13,1.06
2024-03-04,919.88,916.71,921.74,916.45,34370,463367168.0,0.57,-0.36,-3.31,1.1
2024-03-05,916.74,917.99,921.87,915.46,48806,694778912.0,0.7,0.14,1.28,1.56
2024-03-06,917.32,917.78,918.31,913.98,37535,476533568.0,0.47,-0.02,-0.21,1.2
2024-03-07,917.44,918.81,924.18,916.88,32265,458647136.0,0.8,0.11,1.03,1.03
2024-03-08,918.41,914.0,919.66,912.95,27461,414317168.0,0.73,-0.52,-4.81,0.88
2024-03-11,914.02,920.91,922.05,911.66,29551,405693328.0,1.14,0.76,6.91,0.94
2024-03-12,921.6,921.68,922.53,916.31,28348,401617872.0,0.68,0.08,0.77,0.91
2024-03-13,921.44,918.44,922.39,918.23,32952,529906640.0,0.45,-0.35,-3.24,1.05
2024-03-14,918.14,915.13,919.69,913.79,22815,382763456.0,0.64,-0.36,-3.31,0.73
2024-03-15,914.77,916.4,917.31,913.48,19579,283230080.0,0.42,0.14,1.27,0.63
2024-03-18,916.57,923.03,923.33,914.06,29987,458408784.0,1.01,0.72,6.63,0.96
2024-03-19,922.67,939.78,940.7,922.67,74439,1252324960.0,1.95,1.81,16.75,2.38
2024-03-20,939.67,945.8,948.65,937.92,50014,840363200.0,1.14,0.64,6.02,1.6
2024-03-21,946.27,957.49,958.2,946.27,97793,1590059520.0,1.26,1.24,11.69,3.13
2024-03-22,956.3,952.2,959.37,946.79,65996,908541984.0,1.31,-0.55,-5.29,2.11
2024-03-25,951.3,944.83,953.45,944.3,38434,532404288.0,0.96,-0.77,-7.37,1.23
2024-03-26,944.24,943.94,950.55,941.16,42436,682620864.0,0.99,-0.09,-0.89,1.36
2024-03-27,943.0,940.61,945.37,940.08,31592,495911200.0,0.56,-0.35,-3.33,1.01
2024-03-28,939.48,940.95,946.81,935.9,30151,487123488.0,1.16,0.04,0.34,0.96
2024-03-29,941.36,951.51,951.67,939.6,47794,940745888.0,1.28,1.12,10.56,1.53
2024-04-01,951.73,960.35,963.78,951.73,57653,889525904.0,1.27,0.93,8.84,1.84
2024-04-02,960.18,957.31,961.57,955.6,29838,500422016.0,0.62,-0.32,-3.04,0.95
2024-04-03,956.37,968.24,968.47,956.25,56836,833292496.0,1.28,1.14,10.93,1.82
2024-04-08,968.23,965.45,970.88,964.03,48813,700412368.0,0.71,-0.29,-2.79,1.56
2024-04-09,965.27,965.01,967.55,959.52,42391,595943872.0,0.83,-0.05,-0.44,1.36
2024-04-10,965.03,961.63,967.64,958.46,30960,460546752.0,0.95,-0.35,-3.38,0.99
2024-04-11,959.7,954.98,962.52,954.71,33254,539841552.0,0.81,-0.69,-6.65,1.06
2024-04-12,954.35,954.51,957.36,953.27,27382,387049472.0,0.43,-0.05,-0.47,0.88
2024-04-15,953.15,949.57,955.4,947.6,37394,544391824.0,0.82,-0.52,-4.94,1.2
2024-04-16,949.43,948.3,952.87,944.66,45850,676625120.0,0.86,-0.13,-1.27,1.47
2024-04-17,948.51,954.52,956.99,948.19,39019,562520624.0,0.93,0.66,6.22,1.25
2024-04-18,953.52,957.23,960.51,949.63,34566,503712672.0,1.14,0.28,2.71,1.11
2024-04-19,956.96,957.41,959.82,952.52,21470,299312064.0,0.76,0.02,0.18,0.69
2024-04-22,956.11,962.71,971.33,956.11,59953,953560464.0,1.59,0.55,5.3,1.92
2024-04-23,962.21,960.41,964.58,958.61,26479,407741728.0,0.62,-0.24,-2.3,0.85
2024-04-24,960.44,960.54,962.09,958.44,32262,436020496.0,0.38,0.01,0.13,1.03
2024-04-25,960.85,959.85,961.76,957.46,26098,350659312.0,0.45,-0.07,-0.69,0.83
2024-04-26,959.62,965.54,968.14,958.87,31731,482392048.0,0.97,0.59,5.69,1.01
2024-04-29,964.65,964.27,967.56,961.8,32908,451808544.0,0.6,-0.13,-1.27,1.05
2024-04-30,964.15,965.5,969.54,961.67,34771,516056992.0,0.82,0.13,1.23,1.11
2024-05-06,967.46,970.65,972.67,967.05,49056,628643472.0,0.58,0.53,5.15,1.57
2024-05-07,971.16,975.49,977.76,970.69,48731,643535120.0,0.73,0.5,4.84,1.56
2024-05-08,974.83,985.96,989.17,974.4,81192,1181030032.0,1.51,1.07,10.47,2.6
2024-05-09,985.08,991.78,994.12,983.74,59488,793728096.0,1.05,0.59,5.82,1.9
2024-05-10,991.77,996.44,1000.99,991.77,315440,4070466560.0,0.93,0.47,4.66,10.08
2024-05-13,992.26,996.73,1002.58,989.55,122801,1559443296.0,1.31,0.03,0.29,3.93
2024-05-14,996.39,999.6,1002.21,996.0,71932,991265936.0,0.62,0.29,2.87,2.3
2024-05-15,999.3,991.07,1000.99,989.51,71445,931628064.0,1.15,-0.85,-8.53,2.28
2024-05-16,989.96,991.9,998.73,987.82,50668,704145008.0,1.1,0.08,0.83,1.62
2024-05-17,991.97,1004.98,1004.98,991.97,71624,976897776.0,1.31,1.32,13.08,2.29
2024-05-20,1005.46,1021.62,1024.17,1004.83,138177,1944438608.0,1.92,1.66,16.64,4.42
2024-05-21,1020.86,1018.73,1025.53,1016.12,89568,1225791552.0,0.92,-0.28,-2.89,2.86
2024-05-22,1018.69,1019.53,1021.93,1011.85,60656,801437008.0,0.99,0.08,0.8,1.94
2024-05-23,1018.3,1015.04,1022.39,1010.19,93931,1139539280.0,1.2,-0.44,-4.49,3.0
2024-05-24,1014.78,1016.01,1028.38,1012.69,178664,2139577488.0,1.55,0.1,0.97,5.71
2024-05-27,1015.75,1020.51,1021.2,1008.17,102667,1284222640.0,1.28,0.44,4.5,3.28
2024-05-28,1020.3,1011.23,1024.76,1007.5,67994,889924336.0,1.69,-0.91,-9.28,2.17
2024-05-29,1009.97,1010.64,1016.52,1006.88,45280,633498464.0,0.95,-0.06,-0.59,1.45
2024-05-30,1010.94,1008.1,1013.15,1003.98,39700,538505840.0,0.91,-0.25,-2.54,1.27
2024-05-31,1007.92,1004.09,1009.23,1003.2,41556,559704144.0,0.6,-0.4,-4.01,1.33
2024-06-03,1006.0,1003.09,1013.32,995.3,120276,1515420432.0,1.79,-0.1,-1.0,3.85
2024-06-04,1003.4,1007.55,1008.74,997.81,63129,790535248.0,1.09,0.44,4.46,2.02
2024-06-05,1008.55,1003.12,1009.35,1001.05,47842,659848336.0,0.82,-0.44,-4.43,1.53
2024-06-06,1003.15,997.23,1004.08,991.93,74692,949711232.0,1.21,-0.59,-5.89,2.39
2024-06-07,997.85,1000.42,1003.38,993.7,54563,755369008.0,0.97,0.32,3.19,1.74
2024-06-11,996.55,1002.59,1004.08,994.53,52655,717148560.0,0.95,0.22,2.17,1.68
2024-06-12,1000.56,1000.53,1004.36,998.14,110099,1174165616.0,0.62,-0.21,-2.06,3.52
2024-06-13,1000.45,983.22,1000.45,980.62,86187,1121546368.0,1.98,-1.73,-17.31,2.76
2024-06-14,981.12,990.5,990.99,976.2,75417,915848832.0,1.5,0.74,7.28,2.41
2024-06-17,988.77,982.47,990.02,982.47,46325,584139280.0,0.76,-0.81,-8.03,1.48
2024-06-18,985.28,980.31,989.5,978.04,92195,1050627968.0,1.17,-0.22,-2.16,2.95
2024-06-19,981.27,969.46,981.27,969.02,39267,523923072.0,1.25,-1.11,-10.85,1.26
2024-06-20,969.04,958.79,970.31,950.59,111297,1349467024.0,2.03,-1.1,-10.67,3.56
2024-06-21,957.67,960.68,965.04,950.0,100481,1181731008.0,1.57,0.2,1.89,3.21
2024-06-24,959.99,936.83,959.99,936.81,92379,1075241504.0,2.41,-2.48,-23.85,2.95
2024-06-25,936.62,942.36,947.61,934.95,69620,822883552.0,1.35,0.59,5.53,2.23
2024-06-26,941.91,949.99,952.95,940.58,100459,1123394496.0,1.31,0.81,7.63,3.21
2024-06-27,950.25,953.9,959.02,949.66,60173,789979872.0,0.99,0.41,3.91,1.92
2024-06-28,953.8,956.77,958.4,947.88,75897,946348912.0,1.1,0.3,2.87,2.43
2024-07-01,955.52,973.72,973.86,955.52,61800,809943040.0,1.92,1.77,16.95,1.98
2024-07-02,972.81,968.15,976.72,966.73,55146,750802624.0,1.03,-0.57,-5.57,1.76
2024-07-03,967.72,964.91,970.01,960.37,47022,592225552.0,1.0,-0.33,-3.24,1.5
2024-07-04,964.22,957.61,966.14,954.06,31787,400982144.0,1.25,-0.76,-7.3,1.02
2024-07-05,957.33,960.18,961.23,947.41,32873,435321520.0,1.44,0.27,2.57,1.05
2024-07-08,962.09,959.4,963.95,955.83,63708,699168176.0,0.85,-0.08,-0.78,2.04
2024-07-09,958.89,949.62,962.33,946.03,41202,543875920.0,1.7,-1.02,-9.78,1.32
2024-07-10,948.63,952.2,956.18,947.81,30990,469571792.0,0.88,0.27,2.58,0.99
2024-07-11,958.19,957.0,959.31,951.88,35157,491931008.0,0.78,0.5,4.8,1.12
2024-07-12,957.22,954.38,959.76,950.86,40042,537556576.0,0.93,-0.27,-2.62,1.28
2024-07-15,956.12,960.99,965.19,956.08,272395,2764494976.0,0.95,0.69,6.61,8.71
2024-07-16,959.49,963.46,968.98,957.64,112992,1589785920.0,1.18,0.26,2.47,3.61
2024-07-17,963.57,962.01,965.55,959.68,145199,4563119872.0,0.61,-0.15,-1.45,4.64
2024-07-18,961.83,961.44,964.35,954.47,70112,3524130736.0,1.03,-0.06,-0.57,2.24
2024-07-19,960.19,965.07,965.76,956.09,189076,7066137600.0,1.01,0.38,3.63,6.04
2024-07-22,964.14,955.45,964.28,953.06,51203,1496098880.0,1.16,-1.0,-9.62,1.64
2024-07-23,956.95,934.31,959.61,934.3,99194,1591706016.0,2.65,-2.21,-21.14,3.17
2024-07-24,934.41,916.09,938.17,914.44,95787,1469335584.0,2.54,-1.95,-18.22,3.06
2024-07-25,916.12,914.29,918.47,910.21,80604,1180375776.0,0.9,-0.2,-1.8,2.58
2024-07-26,913.46,924.23,925.72,913.46,62661,908153616.0,1.34,1.09,9.94,2.0
2024-07-29,925.52,916.17,925.82,914.56,47519,673496160.0,1.22,-0.87,-8.06,1.52
2024-07-30,915.98,919.4,924.67,913.64,57139,730382240.0,1.2,0.35,3.23,1.83
2024-07-31,920.47,934.07,934.08,916.68,49618,672437664.0,1.89,1.6,14.67,1.59
2024-08-01,934.09,934.79,944.26,932.39,109283,1165020336.0,1.27,0.08,0.72,3.49
2024-08-02,933.45,940.08,946.35,931.43,57527,891255536.0,1.6,0.57,5.29,1.84
2024-08-05,940.06,938.48,947.76,937.15,54595,770554528.0,1.13,-0.17,-1.6,1.75
2024-08-06,943.02,938.84,944.44,934.5,49883,590195840.0,1.06,0.04,0.36,1.59
2024-08-07,938.46,933.83,939.82,928.98,27616,367302256.0,1.15,-0.53,-5.01,0.88
2024-08-08,933.56,935.54,938.77,930.91,52025,852704304.0,0.84,0.18,1.71,1.66
2024-08-09,937.64,932.59,937.64,932.17,27535,386879440.0,0.58,-0.32,-2.95,0.88
2024-08-12,932.33,929.91,937.92,929.14,33830,468133520.0,0.94,-0.29,-2.68,1.08
2024-08-13,929.47,931.96,936.2,928.29,30251,668038880.0,0.85,0.22,2.05,0.97
2024-08-14,930.9,924.2,931.77,921.53,36794,514995840.0,1.1,-0.83,-7.76,1.18
2024-08-15,921.08,915.79,927.13,915.12,176121,1769956512.0,1.3,-0.91,-8.41,5.63
2024-08-16,916.56,893.46,916.56,889.16,93152,1328169616.0,2.99,-2.44,-22.33,2.98
2024-08-19,898.68,888.67,898.68,888.28,327190,5131640576.0,1.16,-0.54,-4.79,10.46
2024-08-20,888.64,871.78,888.94,870.0,95266,1468549856.0,2.13,-1.9,-16.89,3.05
2024-08-21,871.59,866.9,872.56,865.66,55910,765236896.0,0.79,-0.56,-4.88,1.79
2024-08-22,866.9,858.56,870.5,856.79,61953,750642112.0,1.58,-0.96,-8.34,1.98
2024-08-23,857.55,854.23,859.53,834.09,121942,1374670944.0,2.96,-0.5,-4.33,3.9
2024-08-26,852.27,866.85,867.06,852.27,75619,1001190816.0,1.73,1.48,12.62,2.42
2024-08-27,866.22,859.73,867.47,856.42,74593,874147520.0,1.27,-0.82,-7.12,2.38
2024-08-28,857.65,862.08,864.1,856.49,40729,520719504.0,0.89,0.27,2.35,1.3
2024-08-29,861.74,865.47,866.83,858.5,44059,563731760.0,0.97,0.39,3.39,1.41
2024-08-30,866.64,876.86,885.15,864.98,62386,770011072.0,2.33,1.32,11.39,1.99
2024-09-02,877.36,871.1,878.83,869.66,53639,656910912.0,1.05,-0.66,-5.76,1.71
2024-09-03,870.78,872.66,876.82,867.05,50083,603082160.0,1.12,0.18,1.56,1.6
2024-09-04,872.13,869.67,873.67,868.77,32118,384517328.0,0.56,-0.34,-2.99,1.03
2024-09-05,869.06,882.5,882.5,869.06,41412,492321984.0,1.55,1.48,12.83,1.32
2024-09-06,882.52,876.61,885.14,876.34,53937,612452784.0,1.0,-0.67,-5.89,1.72
2024-09-09,876.24,867.78,878.02,867.66,56269,645044608.0,1.18,-1.01,-8.83,1.8
2024-09-10,867.18,862.94,869.36,856.08,49319,598858928.0,1.53,-0.56,-4.84,1.58
2024-09-11,862.2,863.13,865.75,856.94,29841,338816720.0,1.02,0.02,0.19,0.95
2024-09-12,861.43,855.66,864.65,854.88,35447,393535648.0,1.13,-0.87,-7.47,1.13
2024-09-13,855.73,851.31,857.01,850.61,36394,406315536.0,0.75,-0.51,-4.35,1.16
2024-09-18,851.7,831.48,852.14,830.19,82422,859829488.0,2.58,-2.33,-19.83,2.63
2024-09-19,832.98,841.98,847.3,829.87,59650,865408784.0,2.1,1.26,10.5,1.91
2024-09-20,844.09,839.82,844.09,833.16,38201,494161008.0,1.3,-0.26,-2.16,1.22
2024-09-23,839.58,832.68,841.88,831.35,40976,466551312.0,1.25,-0.85,-7.14,1.31
2024-09-24,836.49,856.35,858.15,835.24,72703,855422352.0,2.75,2.84,23.67,2.32
2024-09-25,859.29,858.37,875.8,858.25,83845,977911056.0,2.05,0.24,2.02,2.68
2024-09-26,857.57,888.48,889.34,855.83,89368,1047134608.0,3.9,3.51,30.11,2.86
2024-09-27,897.49,910.06,924.71,897.49,154135,1834077072.0,3.06,2.43,21.58,4.93
2024-09-30,925.1,939.14,943.56,918.7,167588,2011513584.0,2.73,3.2,29.08,5.36
2024-10-08,997.94,954.18,1019.46,940.72,290666,3673501136.0,8.38,1.6,15.04,9.29
2024-10-09,945.42,915.95,947.25,915.4,149687,1848061472.0,3.34,-4.01,-38.23,4.79
2024-10-10,931.6,922.98,937.3,919.96,344025,3750935872.0,1.89,0.77,7.03,11.0
2024-10-11,920.24,906.82,921.31,905.73,98300,1168534864.0,1.69,-1.75,-16.16,3.14
2024-10-14,908.98,916.36,918.39,903.58,99232,1172600384.0,1.63,1.05,9.54,3.17
2024-10-15,917.47,915.29,929.16,910.09,78912,898067344.0,2.08,-0.12,-1.07,2.52
2024-10-16,913.01,917.82,922.82,911.48,71570,937453360.0,1.24,0.28,2.53,2.29
2024-10-17,918.86,916.98,923.98,916.35,46292,583606352.0,0.83,-0.09,-0.84,1.48
2024-10-18,916.26,924.07,927.9,912.22,58305,761171728.0,1.71,0.77,7.09,1.86
2024-10-21,935.8,933.79,937.99,930.05,87451,1096177152.0,0.86,1.05,9.72,2.8
2024-10-22,934.1,939.47,942.24,933.28,73828,1085486112.0,0.96,0.61,5.68,2.36
2024-10-23,952.73,941.57,952.73,938.97,65842,848304960.0,1.46,0.22,2.1,2.1
2024-10-24,940.2,931.66,941.84,929.99,88000,1062967760.0,1.26,-1.05,-9.91,2.81
2024-10-25,930.8,942.31,943.87,930.8,52413,723324800.0,1.4,1.14,10.65,1.68
2024-10-28,942.93,952.23,952.95,938.74,91418,4397735424.0,1.51,1.05,9.92,2.92
2024-10-29,952.04,939.83,953.45,939.5,55611,1421693808.0,1.46,-1.3,-12.4,1.78
2024-10-30,942.94,943.06,946.84,936.95,60019,1614297952.0,1.05,0.34,3.23,1.92
2024-10-31,943.98,941.42,946.13,939.19,39352,721631328.0,0.74,-0.17,-1.64,1.26
2024-11-01,941.17,944.08,946.45,939.78,45127,848779136.0,0.71,0.28,2.66,1.44
2024-11-04,944.37,946.48,948.08,941.16,36388,606108928.0,0.73,0.25,2.4,1.16
2024-11-05,946.95,951.08,951.89,945.8,53461,850935136.0,0.64,0.49,4.6,1.71
2024-11-06,951.84,948.69,956.8,948.49,62355,1395652832.0,0.87,-0.25,-2.39,1.99
2024-11-07,949.43,963.64,964.4,947.92,93225,1821121808.0,1.74,1.58,14.95,2.98
2024-11-08,966.43,958.5,969.92,955.81,58109,891356064.0,1.46,-0.53,-5.14,1.86
2024-11-11,954.13,964.08,965.1,953.45,55231,769214816.0,1.22,0.58,5.58,1.77
2024-11-12,965.29,962.44,970.34,960.37,57773,822901504.0,1.03,-0.17,-1.64,1.85
2024-11-13,962.81,959.36,963.05,949.69,52679,717515584.0,1.39,-0.32,-3.08,1.68
2024-11-14,959.42,944.9,959.55,944.85,47753,642113984.0,1.53,-1.51,-14.46,1.53
2024-11-15,944.9,937.8,947.11,937.58,38407,529218736.0,1.01,-0.75,-7.1,1.23
2024-11-18,938.17,931.16,939.68,928.72,45030,597878112.0,1.17,-0.71,-6.64,1.44
2024-11-19,931.75,935.9,936.62,928.16,31558,458567456.0,0.91,0.51,4.74,1.01
2024-11-20,936.47,937.5,938.37,933.67,36811,500013264.0,0.5,0.17,1.6,1.18
2024-11-21,937.57,940.46,941.52,935.78,31350,400849952.0,0.61,0.32,2.96,1.0
2024-11-22,941.28,932.34,941.39,932.03,43402,700246976.0,1.0,-0.86,-8.12,1.39
2024-11-25,932.18,930.1,935.01,926.85,40588,521775296.0,0.88,-0.24,-2.24,1.3
2024-11-26,929.88,929.58,933.97,929.06,27344,410764224.0,0.53,-0.06,-0.52,0.87
2024-11-27,929.94,933.47,934.93,924.44,31246,408007616.0,1.13,0.42,3.89,1.0
2024-11-28,934.37,936.1,938.38,932.64,27444,366141456.0,0.61,0.28,2.63,0.88
2024-11-29,936.84,940.95,943.36,934.61,32010,492655248.0,0.93,0.52,4.85,1.02
2024-12-02,941.3,947.18,949.26,939.52,47324,642844880.0,1.04,0.66,6.23,1.51
2024-12-03,947.89,946.86,951.06,944.36,52996,775790352.0,0.71,-0.03,-0.32,1.69
2024-12-04,947.27,939.49,947.51,937.93,41138,632565648.0,1.01,-0.78,-7.37,1.32
2024-12-05,939.58,939.18,941.4,935.13,32306,441348928.0,0.67,-0.03,-0.31,1.03
2024-12-06,938.77,941.81,942.88,936.08,44906,564115104.0,0.72,0.28,2.63,1.44
2024-12-09,941.68,940.05,942.02,937.93,35132,491418176.0,0.43,-0.19,-1.76,1.12
2024-12-10,946.23,950.57,956.4,946.23,61765,914842688.0,1.08,1.12,10.52,1.97
2024-12-11,950.57,964.54,967.34,950.27,77311,1087040240.0,1.8,1.47,13.97,2.47
2024-12-12,965.26,981.52,981.91,964.54,79150,1140366528.0,1.8,1.76,16.98,2.53
2024-12-13,981.33,971.64,981.33,970.86,48041,650438608.0,1.07,-1.01,-9.88,1.54
2024-12-16,972.44,957.43,972.68,956.12,47582,672868688.0,1.7,-1.46,-14.21,1.52
2024-12-17,958.34,952.31,959.67,950.09,41248,573673728.0,1.0,-0.53,-5.12,1.32
2024-12-18,951.59,951.89,959.53,951.5,30183,435546752.0,0.84,-0.04,-0.42,0.96
2024-12-19,952.04,949.13,953.31,944.98,36272,502123456.0,0.88,-0.29,-2.76,1.16
2024-12-20,949.08,952.29,953.21,948.31,33533,458323232.0,0.52,0.33,3.16,1.07
2024-12-23,952.64,945.63,952.77,944.39,40088,529019776.0,0.88,-0.7,-6.66,1.28
2024-12-24,945.76,946.19,948.81,943.92,51675,663559984.0,0.52,0.06,0.56,1.65
2024-12-25,946.2,941.78,946.2,938.89,38778,530621008.0,0.77,-0.47,-4.41,1.24
2024-12-26,940.34,941.65,945.96,940.34,31735,438682112.0,0.6,-0.01,-0.13,1.01
2024-12-27,941.15,947.65,948.64,940.8,47375,676716000.0,0.83,0.64,6.0,1.51
2024-12-30,947.71,947.81,949.82,942.43,46509,619496576.0,0.78,0.02,0.16,1.49
2024-12-31,947.22,944.97,950.0,943.44,39935,508803600.0,0.69,-0.3,-2.84,1.28
2025-01-02,944.91,940.62,947.97,938.72,39711,530638816.0,0.98,-0.46,-4.35,1.27
2025-01-03,940.19,936.93,941.61,935.85,55761,692561072.0,0.61,-0.39,-3.69,1.78
2025-01-06,938.44,934.57,939.61,932.41,55880,688997920.0,0.77,-0.25,-2.36,1.79
2025-01-07,933.57,943.2,943.21,931.95,46288,575558560.0,1.2,0.92,8.63,1.48
2025-01-08,942.67,940.67,943.89,936.45,37092,457389584.0,0.79,-0.27,-2.53,1.19
2025-01-09,943.22,942.28,946.38,941.43,38987,622989904.0,0.53,0.17,1.61,1.25
2025-01-10,942.38,940.04,942.97,938.55,28106,408042672.0,0.47,-0.24,-2.24,0.9
2025-01-13,939.76,937.18,940.38,936.16,27561,395789936.0,0.45,-0.3,-2.86,0.88
2025-01-14,937.17,945.9,947.26,936.52,56097,736958272.0,1.15,0.93,8.72,1.79
2025-01-15,946.35,947.41,949.66,943.05,43799,573671696.0,0.7,0.16,1.51,1.4
2025-01-16,948.38,944.27,953.88,942.14,30334,414379344.0,1.24,-0.33,-3.14,0.97
2025-01-17,944.11,947.63,948.72,941.38,35616,481962688.0,0.78,0.36,3.36,1.14
2025-01-20,948.61,955.21,956.65,947.87,35984,477229568.0,0.93,0.8,7.58,1.15
2025-01-21,956.27,955.93,957.24,953.24,29572,463352720.0,0.42,0.08,0.72,0.95
2025-01-22,955.87,954.54,955.87,951.06,30900,482471200.0,0.5,-0.15,-1.39,0.99
2025-01-23,956.67,956.02,960.07,955.38,29476,447080800.0,0.49,0.16,1.48,0.94
2025-01-24,955.54,959.73,960.15,954.0,25063,343589104.0,0.64,0.39,3.71,0.8
2025-01-27,959.74,961.06,966.47,959.68,36732,498009424.0,0.71,0.14,1.33,1.17
2025-02-05,963.0,961.36,963.24,960.35,27778,374925952.0,0.3,0.03,0.3,0.89
2025-02-06,961.42,961.07,961.55,957.45,32845,431575120.0,0.43,-0.03,-0.29,1.05
2025-02-07,961.02,965.12,969.48,959.09,38711,527227408.0,1.08,0.42,4.05,1.24
2025-02-10,965.18,965.51,966.91,961.71,48726,593848400.0,0.54,0.04,0.39,1.56
2025-02-11,966.09,960.9,966.09,959.11,29533,379006128.0,0.72,-0.48,-4.61,0.94
2025-02-12,960.81,963.63,963.72,958.89,31523,426941200.0,0.5,0.28,2.73,1.01
2025-02-13,963.4,970.45,973.84,962.08,68841,1094943312.0,1.22,0.71,6.82,2.2
2025-02-14,969.61,968.81,972.58,967.72,39206,548659056.0,0.5,-0.17,-1.64,1.25
2025-02-17,968.27,972.49,974.27,965.32,62994,776054624.0,0.92,0.38,3.68,2.01
2025-02-18,974.25,965.68,974.36,963.47,44647,616048320.0,1.12,-0.7,-6.81,1.43
2025-02-19,965.78,980.16,980.18,962.77,113498,1390087216.0,1.8,1.5,14.48,3.63
2025-02-20,979.81,972.17,979.81,969.57,81548,985165968.0,1.04,-0.82,-7.99,2.61
2025-02-21,972.46,976.82,977.83,972.23,51899,671645264.0,0.58,0.48,4.65,1.66
2025-02-24,981.91,979.24,990.73,978.08,122866,1593652656.0,1.3,0.25,2.42,3.93
2025-02-25,978.15,975.84,978.31,971.8,46994,619000208.0,0.66,-0.35,-3.4,1.5
2025-02-26,975.36,983.29,983.94,974.15,42476,604787856.0,1.0,0.76,7.45,1.36
2025-02-27,983.64,980.31,983.81,976.09,49973,1098003584.0,0.79,-0.3,-2.98,1.6
2025-02-28,980.06,972.03,982.31,970.1,36565,594938976.0,1.25,-0.84,-8.28,1.17
2025-03-03,971.91,971.25,977.69,970.15,42673,811125088.0,0.78,-0.08,-0.78,1.36
2025-03-04,970.04,976.45,976.59,966.44,34929,522558880.0,1.05,0.54,5.2,1.12
2025-03-05,976.75,974.14,978.01,970.29,25303,357710432.0,0.79,-0.24,-2.31,0.81
2025-03-06,974.16,978.68,979.53,973.62,40435,529149808.0,0.61,0.47,4.54,1.29
2025-03-07,977.91,980.44,984.67,976.59,29567,407459408.0,0.83,0.18,1.76,0.95
2025-03-10,982.81,981.04,985.79,978.7,24479,383102976.0,0.72,0.06,0.6,0.78
2025-03-11,980.55,985.4,986.36,976.75,63736,909665200.0,0.98,0.44,4.36,2.04
2025-03-12,986.01,985.3,986.67,980.67,31397,431225616.0,0.61,-0.01,-0.1,1.0
2025-03-13,988.28,986.98,991.17,983.93,119411,1572223904.0,0.73,0.17,1.68,3.82
2025-03-14,987.36,995.23,996.47,985.6,405412,5961268736.0,1.1,0.84,8.25,12.96
2025-03-17,997.21,997.26,1002.15,997.14,253564,3720376640.0,0.5,0.2,2.03,8.11
2025-03-18,998.53,990.94,999.46,989.99,147964,1991245776.0,0.95,-0.63,-6.32,4.73
2025-03-19,990.64,987.59,990.76,983.53,193562,2596575632.0,0.73,-0.34,-3.35,6.19
2025-03-20,989.3,982.85,990.53,982.55,117409,1495488752.0,0.81,-0.48,-4.74,3.75
2025-03-21,982.5,975.62,985.65,969.82,56741,748649040.0,1.61,-0.74,-7.23,1.81
2025-03-24,974.37,972.28,975.61,967.39,58176,803369504.0,0.84,-0.34,-3.34,1.86
2025-03-25,972.03,978.53,980.12,970.47,72077,923137936.0,0.99,0.64,6.25,2.3
2025-03-26,978.88,988.42,994.22,978.57,544048,7110437120.0,1.6,1.01,9.89,17.39
2025-03-27,988.69,990.52,993.38,985.66,529183,7752694528.0,0.78,0.21,2.1,16.92
2025-03-28,990.67,993.31,994.18,989.5,525451,8407350528.0,0.47,0.28,2.79,16.8
2025-03-31,993.47,984.25,995.24,980.72,368647,5405135104.0,1.46,-0.91,-9.06,11.79
2025-04-01,985.27,993.13,995.55,985.27,523852,8887419392.0,1.04,0.9,8.88,16.75
2025-04-02,994.23,992.47,997.11,991.19,694971,13138988032.0,0.6,-0.07,-0.66,22.22
2025-04-03,993.37,1004.81,1004.81,993.01,837037,16700599552.0,1.19,1.24,12.34,26.76
2025-04-07,1001.23,979.1,1008.76,978.27,1402082,27273044480.0,3.03,-2.56,-25.71,44.82
2025-04-08,981.77,1009.96,1012.46,981.55,1913035,32468302592.0,3.16,3.15,30.86,61.16
2025-04-09,1012.3,1004.77,1022.69,996.93,1579454,26554551040.0,2.55,-0.51,-5.19,50.49
2025-04-10,999.44,1011.79,1016.48,998.76,1178726,19036774400.0,1.76,0.7,7.02,37.68
2025-04-11,1011.51,1003.77,1011.9,995.84,687244,12043261952.0,1.59,-0.79,-8.02,21.97
2025-04-14,1003.48,1008.18,1011.51,1003.48,593588,10850036480.0,0.8,0.44,4.41,18.98
2025-04-15,1007.39,999.23,1008.29,997.0,533325,8656422912.0,1.12,-0.89,-8.95,17.05
2025-04-16,998.59,991.94,1000.59,990.04,326532,5523811840.0,1.06,-0.73,-7.29,10.44
2025-04-17,989.83,990.0,993.31,987.98,234711,3894103040.0,0.54,-0.2,-1.94,7.5
2025-04-18,989.66,984.06,990.18,982.6,338899,4946333440.0,0.77,-0.6,-5.94,10.83
2025-04-21,984.74,987.59,988.41,980.14,209256,3055456752.0,0.84,0.36,3.53,6.69
2025-04-22,987.82,989.88,991.03,986.08,375901,5688665856.0,0.5,0.23,2.29,12.02
2025-04-23,990.81,987.75,991.34,984.48,142877,2090224208.0,0.69,-0.22,-2.13,4.57
2025-04-24,987.44,984.3,989.93,984.02,223112,3186445392.0,0.6,-0.35,-3.45,7.13
2025-04-25,984.43,984.83,987.71,983.33,155091,2225177136.0,0.44,0.05,0.53,4.96
2025-04-28,984.14,979.98,986.13,979.67,111396,1570184976.0,0.66,-0.49,-4.85,3.56
2025-04-29,980.5,979.81,982.07,979.56,194563,2839150272.0,0.26,-0.02,-0.17,6.22
2025-04-30,980.3,980.52,983.67,979.47,102472,1467320672.0,0.43,0.07,0.71,3.28
2025-05-06,981.15,987.26,988.38,981.15,164012,2427479936.0,0.74,0.69,6.74,5.24
2025-05-07,989.85,988.26,994.13,986.99,355773,5237656832.0,0.72,0.1,1.0,11.37
2025-05-08,988.29,989.62,990.04,986.05,119223,1745660208.0,0.4,0.14,1.36,3.81
2025-05-09,989.62,988.45,990.4,984.36,80263,1157638288.0,0.61,-0.12,-1.17,2.57
2025-05-12,988.91,988.26,990.06,986.2,72464,1021603008.0,0.39,-0.02,-0.19,2.32
2025-05-13,988.98,988.5,991.79,987.24,158555,2178989952.0,0.46,0.02,0.24,5.07
2025-05-14,988.91,992.7,992.77,986.88,268343,3924188192.0,0.6,0.42,4.2,8.58
2025-05-15,992.86,988.47,993.79,988.04,526659,8208174592.0,0.58,-0.43,-4.23,16.84
2025-05-16,988.59,986.79,988.86,985.52,63106,883575072.0,0.34,-0.17,-1.68,2.02
2025-05-19,987.4,989.2,989.23,984.46,206783,2829104992.0,0.48,0.24,2.41,6.61
2025-05-20,989.06,994.53,995.03,988.61,393382,6148878848.0,0.65,0.54,5.33,12.58
2025-05-21,994.5,994.69,995.63,992.83,185891,2951856288.0,0.28,0.02,0.16,5.94
2025-05-22,993.96,990.51,994.16,990.34,104761,1607337120.0,0.38,-0.42,-4.18,3.35
2025-05-23,990.57,988.65,992.48,987.08,271358,4525067264.0,0.55,-0.19,-1.86,8.68
2025-05-26,988.28,987.5,989.22,985.49,125806,1976918832.0,0.38,-0.12,-1.15,4.02
2025-05-27,987.53,985.71,989.81,985.04,364445,6395902464.0,0.48,-0.18,-1.79,11.65
2025-05-28,986.09,983.35,986.09,982.89,78488,1274825488.0,0.32,-0.24,-2.36,2.51
2025-05-29,983.95,986.74,987.33,983.75,183168,3067251424.0,0.36,0.34,3.39,5.86
2025-05-30,986.84,997.26,997.58,986.84,284231,4221194208.0,1.09,1.07,10.52,9.09
